{"v_loss": 7946.39404296875, "index": 218, "min_energy": -183.95829056041492, "_runtime": 44783, "_timestamp": 1658889065, "_step": 5711}