{"v_loss": 30363.982421875, "index": 170, "min_energy": -174.3082382224816, "_runtime": 182, "_timestamp": 1658843954, "_step": 0}