{"v_loss": 30923.755859375, "index": 693, "min_energy": -175.75986922674835, "_runtime": 185, "_timestamp": 1658843739, "_step": 1}