{"v_loss": 27532.7109375, "index": 93, "min_energy": -177.9912655489087, "_runtime": 210, "_timestamp": 1658842492, "_step": 4}