{"v_loss": 30385.708984375, "index": 993, "min_energy": -174.04889763555832, "_runtime": 186, "_timestamp": 1658842952, "_step": 0}