{"v_loss": 30201.7265625, "index": 90, "min_energy": -175.45605587787702, "_runtime": 194, "_timestamp": 1658842209, "_step": 2}